epoch,time,train/box_loss,train/seg_loss,train/cls_loss,train/dfl_loss,metrics/precision(B),metrics/recall(B),metrics/mAP50(B),metrics/mAP50-95(B),metrics/precision(M),metrics/recall(M),metrics/mAP50(M),metrics/mAP50-95(M),val/box_loss,val/seg_loss,val/cls_loss,val/dfl_loss,lr/pg0,lr/pg1,lr/pg2
1,7.5832,1.31913,1.28247,3.08382,1.01511,0.02044,1,0.09851,0.07197,0.02044,1,0.09851,0.07098,0.69147,0.45845,3.19559,0.81349,0.00028,0.00028,0.00028
2,11.6708,0.75039,0.60862,1.29943,0.87043,0.01735,1,0.55115,0.44339,0.01735,1,0.55115,0.41496,0.62873,0.58219,2.6302,0.80857,0.000497971,0.000497971,0.000497971
3,16.3504,0.69082,0.7118,0.81093,0.85945,1,0.28395,0.76109,0.65722,1,0.28395,0.76109,0.51622,0.53726,0.5303,2.36002,0.80769,0.000631086,0.000631086,0.000631086
4,20.921,0.58315,0.45841,0.6767,0.82853,1,0.53414,0.95385,0.82414,1,0.53414,0.95385,0.66565,0.51281,0.63434,2.06615,0.79513,0.000679343,0.000679343,0.000679343
5,25.7256,0.55409,0.38166,0.64283,0.85758,1,0.8474,0.995,0.86858,1,0.8474,0.995,0.66747,0.53658,0.55337,1.5596,0.8004,0.000642743,0.000642743,0.000642743
6,30.5498,0.53787,0.39691,0.6242,0.8744,0.9919,1,0.995,0.88151,0.9919,1,0.995,0.69885,0.47993,0.5106,1.09949,0.79697,0.000521286,0.000521286,0.000521286
7,35.2657,0.52246,0.39274,0.57312,0.84496,0.99754,1,0.995,0.8985,0.99754,1,0.995,0.71284,0.42712,0.46969,0.82237,0.79533,0.000302857,0.000302857,0.000302857
